검색어,클릭수,노출수,CTR,게재순위
선릉 엘리트,3.0,42.0,0.07139999999999999,11.29
강남 엘리트,3.0,27.0,0.11109999999999999,37.85
엘리트 선릉,3.0,7.0,0.4286,8.43
강남 가라오케,1.0,79.0,0.0127,63.41
강남사라있네,1.0,5.0,0.2,85.2
선릉노래방,1.0,2.0,0.5,48.5
사라있네,1.0,2.0,0.5,62.5
강남엘리트,0.0,78.0,0.0,37.22
가라오케 주대,0.0,61.0,0.0,34.97
엘리트가라오케,0.0,22.0,0.0,33.32
엘리트 가라오케,0.0,12.0,0.0,33.5
선릉 가라오케,0.0,12.0,0.0,45.33
논현 가라오케,0.0,11.0,0.0,42.09
강남 엘리트 가라오케,0.0,9.0,0.0,33.33
강남 사라 있네,0.0,8.0,0.0,62.25
역삼 가라오케,0.0,7.0,0.0,42.43
강남가라오케,0.0,7.0,0.0,58.43
사라 있네 가라오케,0.0,6.0,0.0,53.5
선릉역 엘리트,0.0,4.0,0.0,11.25
강남 가라오케 가격,0.0,4.0,0.0,23.0
사라 있네,0.0,4.0,0.0,68.0
선릉엘리트,0.0,3.0,0.0,14.0
사라있네 가라오케,0.0,3.0,0.0,58.67
강남 사라있네,0.0,3.0,0.0,62.67
강남 엘리트 하이 퍼블릭,0.0,2.0,0.0,27.0
역삼가라오케,0.0,2.0,0.0,42.5
선릉 사라있네,0.0,2.0,0.0,44.5
선릉역 위치,0.0,1.0,0.0,7.0
선릉역 길 찾기,0.0,1.0,0.0,19.0
가라오케 tc,0.0,1.0,0.0,38.0
선릉역 노래방,0.0,1.0,0.0,41.0
신사 가라오케,0.0,1.0,0.0,42.0
선릉 노래방,0.0,1.0,0.0,57.0
선릉 하이킥,0.0,1.0,0.0,65.0
