페이지,클릭수,노출수,CTR,게재순위
https://ellite-gangnam.com/,9.0,252.0,0.035699999999999996,44.96
https://ellite-gangnam.com/location.html,7.0,99.0,0.0707,15.83
https://ellite-gangnam.com/price.html,2.0,177.0,0.0113,39.77
https://ellite-gangnam.com/blog.html,0.0,28.0,0.0,37.25
https://ellite-gangnam.com/seolleung-guide.html,0.0,13.0,0.0,32.77
https://ellite-gangnam.com/nonhyeon-guide.html,0.0,12.0,0.0,41.17
https://ellite-gangnam.com/hours.html,0.0,12.0,0.0,57.5
https://ellite-gangnam.com/sinsa-guide.html,0.0,11.0,0.0,28.0
https://ellite-gangnam.com/yeoksam-guide.html,0.0,11.0,0.0,39.45
https://ellite-gangnam.com/group-booking.html,0.0,7.0,0.0,9.0
https://ellite-gangnam.com/gangnam-area-guide.html,0.0,4.0,0.0,26.25
https://ellite-gangnam.com/entertainment-cost.html,0.0,2.0,0.0,6.0
https://ellite-gangnam.com/cost-calculator.html,0.0,1.0,0.0,3.0
https://ellite-gangnam.com/karaoke-faq.html,0.0,1.0,0.0,8.0
https://ellite-gangnam.com/what-is-highpublic.html,0.0,1.0,0.0,10.0
